<landisMetadata><output><extension name="Century-Succession" metadataFilePath="Century-Succession.xml" /><fields><field name="Time" description="..." unit="year" /><field name="Month" description="..." unit="month" /><field name="EcoregionName" description="..." unit="" /><field name="NumSites" description="..." unit="" /><field name="ppt" description="..." unit="g C m-2" format="{1:0.0}" /><field name="airtemp" description="..." unit="g C m-2" format="{1:0.0}" /><field name="avgNPPtc" description="..." unit="g C m-2" format="{1:0.0}" /><field name="avgResp" description="..." unit="g C m-2" format="{1:0.0}" /><field name="avgNEE" description="..." unit="g C m-2" format="{1:0.0}" /><field name="Ndep" description="..." unit="g C m-2" format="{1:0.0}" /></fields></output></landisMetadata>
